species,accession_number,mutations
Actinomyces howellii,GCF_900637165.1,88R
Actinomyces oricola,GCF_004104015.1,43R
Actinopolymorpha alba,GCF_000373925.1,43R
Actinopolymorpha cephalotaxi,GCF_013408535.1,43R
Actinopolymorpha pittospori,GCF_014873875.1,43R
Actinopolymorpha rutila,GCF_013407855.1,43R
Actinopolymorpha singaporensis,GCF_900104745.1,43R
Actirhodobacter atriluteus,GCF_013370205.1,88R
Adhaeretor mobilis,GCF_007741515.1,88R
Adlercreutzia hattorii,GCF_011405655.1,88R
Adlercreutzia rubneri,GCF_009755265.1,88R
Aeoliella mucimassa,GCF_007748035.1,88R
Aeoliella straminimaris,GCF_024054565.1,88R
Aestuariimicrobium ganziense,GCF_015352975.1,88R
Aestuariimicrobium kwangyangense,GCF_000421525.1,88R
Agrobacterium radiobacter,GCF_040801995.1,43R
Akkermansia muciniphila,GCF_009731575.1,88R
Algisphaera agarilytica,GCF_014207595.1,88R
Alienimonas californiensis,GCF_007743815.1,88R
Alienimonas chondri,GCF_013036045.1,88R
Allopontixanthobacter confluentis,GCF_009827615.1,88R
Allopontixanthobacter sediminis,GCF_009828115.1,88R
Allosphingosinicella indica,GCF_900177405.1,88R
Allosphingosinicella vermicomposti,GCF_003012815.1,88R
Alteraurantiacibacter aestuarii,GCF_039523595.1,88R
Alteraurantiacibacter aquimixticola,GCF_004965515.1,88R
Alteraurantiacibacter buctensis,GCF_009827655.1,88R
Altererythrobacter aquiaggeris,GCF_037154015.1,88R
Altererythrobacter arenosus,GCF_029623755.1,88R
Altererythrobacter epoxidivorans,GCF_001281485.1,88R
Altererythrobacter fulvus,GCF_037154085.1,88R
Altererythrobacter ishigakiensis,GCF_001663155.1,88R
Altererythrobacter lauratis,GCF_037154155.1,88R
Altererythrobacter litoralis,GCF_036324225.1,88R
Altererythrobacter lutimaris,GCF_013371495.1,88R
Altererythrobacter palmitatis,GCF_037154115.1,88R
Altererythrobacter rubellus,GCF_030284385.1,88R
Altererythrobacter segetis,GCF_011320115.1,88R
Altererythrobacter xiamenensis,GCF_900177715.1,88R
Altericroceibacterium endophyticum,GCF_009827595.1,88R
Altericroceibacterium indicum,GCF_009828105.1,88R
Altericroceibacterium spongiae,GCF_003610805.1,88R
Altericroceibacterium xinjiangense,GCF_003958635.1,88R
Alteripontixanthobacter maritimus,GCF_003340475.1,88R
Alteripontixanthobacter muriae,GCF_013336795.1,88R
Alteriqipengyuania abyssalis,GCF_019857185.1,88R
Alteriqipengyuania flavescens,GCF_030406725.1,88R
Alteriqipengyuania halimionae,GCF_009827575.1,88R
Alteriqipengyuania lutimaris,GCF_003363135.1,88R
Alterisphingorhabdus coralli,GCF_032852305.1,88R
Anaerobaca lacustris,GCF_030012215.1,88R
Anaerobiospirillum succiniciproducens,GCF_000482845.1,88R
Anaerohalosphaera lusitana,GCF_002007645.1,88R
Ancrocorticia populi,GCF_003123745.1,88R
Aquisediminimonas profunda,GCF_019443285.1,88R
Aquisediminimonas sediminicola,GCF_019740335.1,88R
Aquisphaera giovannonii,GCF_008087625.1,88R
Aquisphaera insulae,GCF_011064615.1,88R
Aristaeella hokkaidonensis,GCF_018128945.1,88R
Aristaeella lactis,GCF_018118585.1,88R
Arsenicitalea aurantiaca,GCF_003994485.1,88R
Atopobium deltae,GCF_001552785.1,88R
Atopobium fossor,GCF_000483125.1,88R
Atopobium minutum,GCF_000364325.1,88R
Aurantiacibacter aquimixticola,GCF_003605475.1,88R
Aurantiacibacter arachoides,GCF_014643415.1,88R
Aurantiacibacter atlanticus,GCF_001077815.2,88R
Aurantiacibacter flavus,GCF_039710615.1,88R
Aurantiacibacter gangjinensis,GCF_001886695.1,88R
Aurantiacibacter gilvus,GCF_038289935.1,88R
Aurantiacibacter hainanensis,GCF_036321025.1,88R
Aurantiacibacter luteus,GCF_001010945.1,88R
Aurantiacibacter marinus,GCF_001021555.1,88R
Aurantiacibacter odishensis,GCF_003605195.1,88R
Aurantiacibacter rhizosphaerae,GCF_009807005.1,88R
Aurantiacibacter sediminis,GCF_016019885.1,88R
Aurantiacibacter spongiae,GCF_003815535.1,88R
Aurantiacibacter suaedae,GCF_005434915.1,88R
Aurantiacibacter xanthus,GCF_003584015.1,88R
Aurantiacibacter zhengii,GCF_003584125.1,88R
Aureliella helgolandensis,GCF_007752135.1,88R
Avibacterium paragallinarum,GCF_011765605.1,43R
Bartonella taylorii,GCF_023920085.1,43R
Beduinella massiliensis,GCF_900199405.1,88R
Bifidobacterium canis,GCF_009727065.1,43R
Bifidobacterium catenulatum,GCF_001025195.1,43R
Blastomonas aquatica,GCF_014639875.1,88R
Blastomonas fulva,GCF_003431825.1,88R
Blastomonas marina,GCF_034374265.1,88R
Blastomonas natatoria,GCF_003201955.1,88R
Blastopirellula marina,GCF_000153105.1,88R
Blastopirellula retiformator,GCF_007859755.1,88R
Blastopirellula sediminis,GCF_020966755.1,88R
Borrelia miyamotoi,GCF_019668505.1,43R
Botrimarina hoheduenensis,GCF_007859815.1,88R
Bradyrhizobium canariense,GCF_019402665.1,43R
Branchiibius cervicis,GCF_042661605.1,88R
Branchiibius hedensis,GCF_900108585.1,88R
Bremerella alba,GCF_013618625.1,88R
Bremerella cremea,GCF_039541315.1,88R
Bremerella volcania,GCF_007748115.1,88R
Brevibacterium senegalense,GCF_000285835.1,43R
Bythopirellula goksoeyrii,GCF_008065115.1,88R
Bythopirellula polymerisocia,GCF_007860015.1,88R
Caenibius tardaugens,GCF_003860345.1,88R
Caldimicrobium thiodismutans,GCF_001548275.1,88R
Calycomorphotria hydatis,GCF_007745435.1,88R
Campylobacter felis,GCF_030250085.1,43R
Campylobacter helveticus,GCF_002080395.1,"43R, 88R"
Campylobacter hyointestinalis,GCF_013372165.1,88R
Campylobacter lanienae,GCF_002139935.1,88R
Campylobacter suis,GCF_905120475.1,88R
Campylobacter upsaliensis,GCF_013372245.1,88R
Campylobacter vulpis,GCF_014217995.1,88R
Candidatus Aquarickettsia rohweri,GCF_003953955.1,43R
Candidatus Bandiella numerosa,GCF_029981845.1,43R
Candidatus Bandiella woodruffii,GCF_034359465.1,43R
Candidatus Bealeia paramacronuclearis,GCF_036670005.1,88R
Candidatus Collinsella stercoripullorum,GCF_027669965.1,88R
Candidatus Hamiltonella defensa,GCF_000021705.1,43R
Candidatus Hamiltonella endosymbiont of Tuberolachnus salignus,GCF_964019775.1,43R
Candidatus Hepatobacter penaei,GCF_000742475.1,43R
Candidatus Laterigemmans baculatus,GCF_010367455.1,88R
Candidatus Neoehrlichia lotoris,GCF_000964795.1,43R
Candidatus Nucleicultrix amoebiphila,GCF_002117145.1,88R
Candidatus Scalindua japonica,GCF_002443295.1,88R
Candidatus Wolbachia massiliensis,GCF_014771645.1,43R
Caniella muris,GCF_943193035.1,88R
Caulifigura coniformis,GCF_007745175.1,88R
Cellulomonas denverensis,GCF_016862695.1,43R
Cellulomonas taurus,GCF_012931845.1,43R
Changpingibacter yushuensis,GCF_014041995.1,88R
Chromobacterium subtsugae,GCF_036320555.1,43R
Citromicrobium bathyomarinum,GCF_000176355.1,88R
Collinsella acetigenes,GCF_012844445.1,88R
Collinsella aerofaciens,GCF_010509075.1,88R
Collinsella bouchesdurhonensis,GCF_900155365.1,88R
Collinsella ihumii,GCF_030385545.1,88R
Collinsella intestinalis,GCF_902501455.1,88R
Collinsella phocaeensis,GCF_900119895.1,88R
Collinsella provencensis,GCF_900199705.1,88R
Collinsella stercoris,GCF_025149625.1,88R
Collinsella tanakaei,GCF_000225705.1,88R
Collinsella ureilytica,GCF_019795105.1,88R
Collinsella vaginalis,GCF_900176655.1,88R
Comamonas badia,GCF_000484635.1,43R
Coriobacterium glomerans,GCF_000195315.1,88R
Corynebacterium breve,GCF_030252165.1,43R
Corynebacterium canis,GCF_030408595.1,88R
Corynebacterium freiburgense,GCF_030408815.1,88R
Corynebacterium glaucum,GCF_030408855.1,88R
Corynebacterium jeddahense,GCF_028609865.1,88R
Corynebacterium jeikeium,GCF_028609885.1,88R
Corynebacterium mayonis,GCF_038452275.1,88R
Corynebacterium senegalense,GCF_900411315.1,43R
Corynebacterium sputi,GCF_000427865.1,88R
Corynebacterium striatum,GCF_016728105.1,"43R, 88R"
Corynebacterium terpenotabidum,GCF_000418365.1,43R
Corynebacterium urealyticum,GCF_900187235.1,88R
Croceibacterium aestuarii,GCF_030657335.1,88R
Croceibacterium atlanticum,GCF_001008165.2,88R
Croceibacterium ferulae,GCF_003660445.1,88R
Croceibacterium mercuriale,GCF_000802385.1,88R
Croceibacterium salegens,GCF_009827435.1,88R
Croceibacterium selenioxidans,GCF_018599195.1,88R
Croceibacterium soli,GCF_009828065.1,88R
Croceibacterium xixiisoli,GCF_009827305.1,88R
Croceicoccus bisphenolivorans,GCF_001634625.1,88R
Croceicoccus esteveae,GCF_031846435.1,88R
Croceicoccus estronivorus,GCF_001625325.1,88R
Croceicoccus gelatinilyticus,GCF_018398395.1,88R
Croceicoccus hydrothermalis,GCF_022378335.1,88R
Croceicoccus marinus,GCF_014211955.1,88R
Croceicoccus mobilis,GCF_001661965.1,88R
Croceicoccus naphthovorans,GCF_001028705.1,88R
Croceicoccus pelagius,GCF_001661915.1,88R
Croceicoccus ponticola,GCF_004004515.1,88R
Croceicoccus sediminis,GCF_007570835.1,88R
Cucumibacter marinus,GCF_000429865.1,88R
Deinococcus antarcticus,GCF_042649355.1,43R
Deinococcus xinjiangensis,GCF_040361885.1,43R
Desertimonas flava,GCF_003426815.1,88R
Desulfobulbus oligotrophicus,GCF_016446285.1,88R
Devosia alba,GCF_039938915.1,88R
Devosia albogilva,GCF_042685625.1,88R
Devosia algicola,GCF_028816455.1,88R
Devosia aquimaris,GCF_020169335.1,88R
Devosia beringensis,GCF_014926585.1,88R
Devosia chinhatensis,GCF_000969445.1,88R
Devosia crocina,GCF_900116545.1,88R
Devosia elaeis,GCF_001650025.1,88R
Devosia enhydra,GCF_900119845.1,88R
Devosia epidermidihirudinis,GCF_000971295.1,88R
Devosia equisanguinis,GCF_900631955.1,88R
Devosia faecipullorum,GCF_015158295.1,88R
Devosia geojensis,GCF_000969415.1,88R
Devosia ginsengisoli,GCF_007859655.1,88R
Devosia honganensis,GCF_042648785.1,88R
Devosia indica,GCF_003056405.1,88R
Devosia insulae,GCF_000970465.2,88R
Devosia lacusdianchii,GCF_022429625.1,88R
Devosia limi,GCF_900128975.1,88R
Devosia litorisediminis,GCF_018334155.1,88R
Devosia lucknowensis,GCF_900177655.1,88R
Devosia marina,GCF_009758415.1,88R
Devosia naphthalenivorans,GCF_003056355.1,88R
Devosia neptuniae,GCF_025452235.1,88R
Devosia nitrariae,GCF_030160115.1,88R
Devosia oryziradicis,GCF_016698645.1,88R
Devosia oryzisoli,GCF_014837245.1,88R
Devosia pacifica,GCF_014652635.1,88R
Devosia psychrophila,GCF_900112505.1,88R
Devosia rhizoryzae,GCF_016698665.1,88R
Devosia rhizosphaerae,GCF_030177755.1,88R
Devosia rhodophyticola,GCF_028816475.1,88R
Devosia riboflavina,GCF_000743575.1,88R
Devosia salina,GCF_019504385.1,88R
Devosia sediminis,GCF_016411825.1,88R
Devosia soli,GCF_000970455.1,88R
Devosia subaequoris,GCF_014197055.1,88R
Devosia submarina,GCF_003056345.1,88R
Devosia ureilytica,GCF_024273205.1,88R
Devosia yakushimensis,GCF_030159855.1,88R
Ehrlichia ruminantium,GCF_000026005.1,43R
Engelhardtia mirabilis,GCF_007748095.1,88R
Enorma burkinafasonensis,GCF_902150035.1,88R
Enorma massiliensis,GCF_000311845.1,88R
Enorma phocaeensis,GCF_900186505.1,88R
Enorma shizhengliae,GCF_009676995.1,88R
Enorma timonensis,GCF_000321165.1,88R
Erwinia amylovora,GCF_043228865.1,43N
Erythrobacter alti,GCF_037996805.1,88R
Erythrobacter ani,GCF_019204025.1,88R
Erythrobacter aurantius,GCF_023823125.1,88R
Erythrobacter aureus,GCF_003355455.1,88R
Erythrobacter colymbi,GCF_002155685.1,88R
Erythrobacter cryptus,GCF_000422985.1,88R
Erythrobacter dokdonensis,GCF_002155305.1,88R
Erythrobacter donghaensis,GCF_002155425.1,88R
Erythrobacter fulvus,GCF_028595285.1,88R
Erythrobacter insulae,GCF_007004095.1,88R
Erythrobacter litoralis,GCF_001719165.1,88R
Erythrobacter longus,GCF_000715015.1,88R
Erythrobacter mangrovi,GCF_013260645.1,88R
Erythrobacter neustonensis,GCF_001663175.1,88R
Erythrobacter oryzae,GCF_030271515.1,88R
Erythrobacter ramosus,GCF_014195675.1,88R
Erythrobacter rubeus,GCF_014705715.1,88R
Erythrobacter sanguineus,GCF_900143235.1,88R
Erythrobacter tepidarius,GCF_002155695.1,88R
Erythrobacter westpacificensis,GCF_039542285.1,88R
Facivitalis istanbulensis,GCF_040560405.1,88R
Fannyhessea vaginae,GCF_016026575.1,88R
Fimbriiglobus ruber,GCF_002197845.1,88R
Flaviflexus massiliensis,GCF_001375495.1,88R
Frigoriglobus tundricola,GCF_013128195.2,88R
Fuerstiella marisgermanici,GCF_001983935.1,88R
Gemmata algarum,GCF_034097035.1,88R
Gemmata massiliana,GCF_901538265.1,88R
Gemmata obscuriglobus,GCF_003149495.1,88R
Gemmata palustris,GCF_017939745.1,88R
Gimesia alba,GCF_007744675.1,88R
Gimesia algae,GCF_007746795.1,88R
Gimesia aquarii,GCF_007748195.1,88R
Gimesia benthica,GCF_009720525.1,88R
Gimesia chilikensis,GCF_008329715.1,88R
Gimesia fumaroli,GCF_007754425.1,88R
Gimesia maris,GCF_008298035.1,88R
Gimesia panareensis,GCF_007748155.1,88R
Glycomyces albidus,GCF_009451885.1,88R
Glycomyces algeriensis,GCF_031458375.1,88R
Glycomyces amatae,GCF_020991375.1,88R
Glycomyces arizonensis,GCF_000482705.1,88R
Glycomyces artemisiae,GCF_003002955.1,88R
Glycomyces buryatensis,GCF_004912275.1,88R
Glycomyces dulcitolivorans,GCF_003265355.1,88R
Glycomyces endophyticus,GCF_039531525.1,88R
Glycomyces harbinensis,GCF_900101745.1,88R
Glycomyces lechevalierae,GCF_031458295.1,88R
Glycomyces luteolus,GCF_027622875.1,88R
Glycomyces mayteni,GCF_042428885.1,88R
Glycomyces niveus,GCF_017592475.1,88R
Glycomyces paridis,GCF_004912155.1,88R
Glycomyces rhizosphaerae,GCF_042647865.1,88R
Glycomyces rutgersensis,GCF_039533105.1,88R
Glycomyces salinus,GCF_016428645.1,88R
Glycomyces sambucus,GCF_900102815.1,88R
Glycomyces tenuis,GCF_000427885.1,88R
Glycomyces terrestris,GCF_003933745.1,88R
Glycomyces tritici,GCF_030403505.1,88R
Glycomyces xiaoerkulensis,GCF_002798405.1,88R
Gordonibacter faecis,GCF_030077735.1,88R
Granulimonas faecalis,GCF_022834715.1,88R
Gulbenkiania indica,GCF_001418035.1,88R
Haloglycomyces albus,GCF_000527155.1,88R
Helicobacter canis,GCF_008693005.1,43R
Hellea balneolensis,GCF_000428525.1,"43R, 88R"
Hephaestia caeni,GCF_003550065.1,88R
Hephaestia mangrovi,GCF_019880555.1,88R
Hirschia baltica,GCF_000023785.1,88R
Hirschia litorea,GCF_042665075.1,88R
Hirschia maritima,GCF_000378345.1,88R
Holospora curviuscula,GCF_002930195.1,43R
Holospora elegans,GCF_000648275.1,43R
Holospora obtusa,GCF_000469665.2,43R
Holospora undulata,GCF_000388175.3,43R
Hugonella massiliensis,GCF_001486445.1,88R
Humisphaera borealis,GCF_015169395.1,88R
Iamia majanohamensis,GCF_028532485.1,88R
Ilumatobacter coccineus,GCF_000348785.1,88R
Ilumatobacter fluminis,GCF_004364865.1,88R
Ilumatobacter nonamiensis,GCF_000350145.1,88R
Indioceanicola profundi,GCF_003568845.1,43R
Janibacter indicus,GCF_900176385.1,88R
Kocuria subflava,GCF_012163155.1,88R
Kolteria novifilia,GCF_007748055.1,88R
Kribbibacterium absianum,GCF_030067705.1,88R
Lacipirellula limnantheis,GCF_007746075.1,88R
Lacipirellula parvula,GCF_009177095.1,88R
Lancefieldella parvula,GCF_000024225.1,88R
Lancefieldella rimae,GCF_000174015.1,88R
Leekyejoonella antrihumi,GCF_007845645.1,88R
Lentisphaera araneosa,GCF_000170755.1,88R
Lentisphaera marina,GCF_028745505.1,88R
Lentisphaera profundi,GCF_028728065.1,88R
Leptogranulimonas caecicola,GCF_023168405.1,88R
Lichenibacterium ramalinae,GCF_004137085.1,43R
Limihaloglobus sulfuriphilus,GCF_001999965.1,88R
Limnoglobus roseus,GCF_008254045.1,88R
Luoshenia tenuis,GCF_014384745.1,88R
Maioricimonas rarisocia,GCF_007747795.1,88R
Mariluticola halotolerans,GCF_021611515.1,88R
Mariniblastus fucicola,GCF_008087665.1,88R
Maritalea mediterranea,GCF_021568695.1,88R
Maritalea mobilis,GCF_004363175.1,88R
Maritalea myrionectae,GCF_003433515.1,88R
Maritalea porphyrae,GCF_030159895.1,88R
Maritimibacter alexandrii,GCF_005871115.1,43N
Micrococcus aloeverae,GCF_022664405.1,88R
Micrococcus antarcticus,GCF_044872765.1,88R
Micrococcus flavus,GCF_014204815.1,88R
Microlunatus parietis,GCF_013407955.1,88R
Microlunatus speluncae,GCF_009299835.1,88R
Miltoncostaea marina,GCF_018141525.1,88R
Miltoncostaea oceani,GCF_018141545.1,88R
Mucisphaera calidilacus,GCF_007748075.1,88R
Mucispirillum schaedleri,GCF_000487995.2,43R
Muricaecibacterium torontonense,GCF_004793925.1,88R
Mycobacterium kansasii,GCF_000157895.3,43R
Mycolicibacterium smegmatis,GCF_022370415.1,43T
Natronoglycomyces albus,GCF_016925535.1,88R
Natronosporangium hydrolyticum,GCF_016925615.1,88R
Nitrosomonas eutropha,GCF_000014765.1,88R
Nocardia inohanensis,GCF_001612945.1,43N
Nocardiopsis gilva,GCF_002263495.1,43R
Nocardiopsis mwathae,GCF_014201195.1,43R
Nocardiopsis rhodophaea,GCF_039530945.1,43R
Novosphingobium acidiphilum,GCF_000429005.1,88R
Novosphingobium aerophilum,GCF_014230305.1,88R
Novosphingobium anseongense,GCF_037482895.1,88R
Novosphingobium aquae,GCF_037572715.1,88R
Novosphingobium aquimarinum,GCF_009746585.1,88R
Novosphingobium aquiterrae,GCF_042434435.1,88R
Novosphingobium aromaticivorans,GCF_000013325.1,88R
Novosphingobium arvoryzae,GCF_014652615.1,88R
Novosphingobium aureum,GCF_015865035.1,88R
Novosphingobium barchaimii,GCF_001046635.1,88R
Novosphingobium beihaiensis,GCF_022832375.1,88R
Novosphingobium bradum,GCF_042646485.1,88R
Novosphingobium capsulatum,GCF_001598375.1,88R
Novosphingobium chloroacetimidivorans,GCF_014204535.1,88R
Novosphingobium clariflavum,GCF_026420865.1,88R
Novosphingobium colocasiae,GCF_014652555.1,88R
Novosphingobium cyanobacteriorum,GCF_029436685.1,88R
Novosphingobium decolorationis,GCF_018417475.1,88R
Novosphingobium endophyticum,GCF_014640675.1,88R
Novosphingobium flavum,GCF_014230315.1,88R
Novosphingobium fluoreni,GCF_014196615.1,88R
Novosphingobium fuchskuhlense,GCF_001519075.1,88R
Novosphingobium ginsenosidimutans,GCF_007954425.1,88R
Novosphingobium guangzhouense,GCF_002896965.1,88R
Novosphingobium hassiacum,GCF_014196055.1,88R
Novosphingobium huizhouense,GCF_020179475.1,88R
Novosphingobium humi,GCF_028607105.1,88R
Novosphingobium indicum,GCF_014645195.1,88R
Novosphingobium jiangmenense,GCF_015694345.1,88R
Novosphingobium kaempferiae,GCF_021227995.1,88R
Novosphingobium kalidii,GCF_040534015.1,88R
Novosphingobium kunmingense,GCF_002813245.1,88R
Novosphingobium lentum,GCF_001590965.1,88R
Novosphingobium lindaniclasticum,GCF_000445125.1,88R
Novosphingobium malaysiense,GCF_000802225.1,88R
Novosphingobium marinum,GCF_014640055.1,88R
Novosphingobium mathurense,GCF_900168325.1,88R
Novosphingobium meiothermophilum,GCF_003171715.1,88R
Novosphingobium naphthalenivorans,GCF_001590985.1,88R
Novosphingobium nitrogenifigens,GCF_000192575.1,88R
Novosphingobium olei,GCF_037076535.1,88R
Novosphingobium organovorum,GCF_022832435.1,88R
Novosphingobium ovatum,GCF_009909235.1,88R
Novosphingobium panipatense,GCF_900182875.1,88R
Novosphingobium pentaromativorans,GCF_000767465.1,88R
Novosphingobium percolationis,GCF_020179425.1,88R
Novosphingobium piscinae,GCF_014230355.1,88R
Novosphingobium pituita,GCF_033242265.1,88R
Novosphingobium pokkalii,GCF_014652855.1,88R
Novosphingobium profundi,GCF_018491765.1,88R
Novosphingobium resinovorum,GCF_001742225.1,88R
Novosphingobium rhizovicinum,GCF_040813635.1,88R
Novosphingobium rosa,GCF_001598555.1,88R
Novosphingobium sediminicola,GCF_014196525.1,88R
Novosphingobium sediminis,GCF_007991615.1,88R
Novosphingobium silvae,GCF_009856825.1,88R
Novosphingobium soli,GCF_042432915.1,88R
Novosphingobium subterraneum,GCF_001598575.1,88R
Novosphingobium taihuense,GCF_014199635.1,88R
Novosphingobium tardum,GCF_042652045.1,88R
Novosphingobium terrae,GCF_017163935.1,88R
Novosphingobium umbonatum,GCF_004005905.1,88R
Novosphingopyxis baekryungensis,GCF_000420305.1,88R
Novosphingopyxis iocasae,GCF_014334095.1,88R
Olegusella massiliensis,GCF_900078545.1,88R
Oligella ureolytica,GCF_016028735.1,43R
Olsenella absiana,GCF_036408855.1,88R
Olsenella intestinalis,GCF_023276655.1,88R
Olsenella massiliensis,GCF_001457795.1,88R
Olsenella phocaeensis,GCF_048189965.1,88R
Olsenella porci,GCF_009695875.1,88R
Olsenella profusa,GCF_030811115.1,88R
Olsenella timonensis,GCF_900119915.1,88R
Olsenella uli,GCF_000143845.1,88R
Olsenella urininfantis,GCF_900155635.1,88R
Ornithinibacter aureus,GCF_009858245.1,88R
Paludisphaera borealis,GCF_001956985.1,88R
Pantoea conspicua,GCF_002095315.1,43R
Paradevosia shaoguanensis,GCF_016801025.1,88R
Paradevosia tibetensis,GCF_008000755.1,88R
Parafannyhessea umbonata,GCF_900105025.1,88R
Parapontixanthobacter aurantiacus,GCF_009827635.1,88R
Paraprevotella clara,GCF_000233955.1,88R
Parasphingopyxis algicola,GCF_013378075.1,88R
Parasphingopyxis lamellibrachiae,GCF_003385775.1,88R
Parasphingopyxis marina,GCF_014237875.1,88R
Parasphingorhabdus cellanae,GCF_017498565.1,88R
Parasphingorhabdus flavimaris,GCF_013371215.1,88R
Parasphingorhabdus halotolerans,GCF_012516475.1,88R
Parasphingorhabdus litoris,GCF_020906275.1,88R
Parasphingorhabdus marina,GCF_900128895.1,88R
Parasutterella excrementihominis,GCF_000205025.1,43R
Paratractidigestivibacter faecalis,GCF_003416765.1,88R
Paraurantiacibacter namhicola,GCF_001687545.1,88R
Parerythrobacter aestuarii,GCF_030140925.1,88R
Parerythrobacter jejuensis,GCF_009827995.1,88R
Parerythrobacter lacustris,GCF_024626475.1,88R
Parerythrobacter lutipelagi,GCF_005434975.1,88R
Parolsenella catena,GCF_003966955.1,88R
Parolsenella massiliensis,GCF_900143685.1,88R
Pauljensenia hongkongensis,GCF_001746855.1,88R
Pelagerythrobacter aerophilus,GCF_003581645.1,88R
Pelagerythrobacter marensis,GCF_001028625.1,88R
Pelagerythrobacter marinus,GCF_034375205.1,88R
Pelagerythrobacter rhizovicinus,GCF_004135625.1,88R
Pelagibacterium flavum,GCF_025854335.1,88R
Pelagibacterium halotolerans,GCF_013004005.1,88R
Pelagibacterium lacus,GCF_003345525.1,88R
Pelagibacterium lentulum,GCF_014643755.1,88R
Pelagibacterium limicola,GCF_015694405.1,88R
Pelagibacterium luteolum,GCF_900100665.1,88R
Pelagibacterium montanilacus,GCF_003992665.1,88R
Pelagibacterium nitratireducens,GCF_037044555.1,88R
Pelagibacterium sediminicola,GCF_003390885.1,88R
Pelagibacterium xiamenense,GCF_021166475.1,88R
Peptidiphaga gingivicola,GCF_001652275.1,88R
Peptococcus niger,GCF_900101835.1,88R
Peptococcus simiae,GCF_046097595.1,88R
Phycicoccus avicenniae,GCF_018139485.1,43R
Phycisphaera mikurensis,GCF_000284115.1,88R
Phytoactinopolyspora endophytica,GCF_004138495.1,88R
Phytoactinopolyspora halotolerans,GCF_010550675.1,88R
Planctellipticum variicoloris,GCF_030622045.1,88R
Planctomicrobium piriforme,GCF_900113665.1,88R
Planctopirus ephydatiae,GCF_007752345.1,88R
Planctopirus hydrillae,GCF_001707835.1,88R
Planctopirus limnophila,GCF_000092105.1,88R
Polystyrenella longa,GCF_007750395.1,88R
Ponticaulis koreensis,GCF_000420665.1,88R
Ponticaulis profundi,GCF_042659465.1,88R
Pontixanthobacter aestiaquae,GCF_009827455.1,88R
Pontixanthobacter aquaemixtae,GCF_009827395.1,88R
Pontixanthobacter gangjinensis,GCF_009827545.1,88R
Pontixanthobacter luteolus,GCF_947494915.1,88R
Pontixanthobacter rizhaonensis,GCF_012972675.1,88R
Poriferisphaera corsica,GCF_007747445.1,88R
Pseudactinotalea suaedae,GCF_009733815.1,88R
Pseudactinotalea terrae,GCF_009733845.1,88R
Pseudopontixanthobacter vadosimaris,GCF_012979275.1,88R
Qipengyuania aestuarii,GCF_019711535.1,88R
Qipengyuania algicida,GCF_009828025.1,88R
Qipengyuania aquimaris,GCF_009827445.1,88R
Qipengyuania aurantiaca,GCF_019711375.1,88R
Qipengyuania benthica,GCF_030717865.1,88R
Qipengyuania citrea,GCF_030815185.1,88R
Qipengyuania flava,GCF_008932225.1,88R
Qipengyuania gaetbuli,GCF_009827315.1,88R
Qipengyuania gelatinilytica,GCF_019711315.1,88R
Qipengyuania huizhouensis,GCF_019711635.1,88R
Qipengyuania intermedia,GCF_019711615.1,88R
Qipengyuania marisflavi,GCF_005884405.1,88R
Qipengyuania mesophila,GCF_019711655.1,88R
Qipengyuania nanhaisediminis,GCF_900115585.1,88R
Qipengyuania oceanensis,GCF_009827535.1,88R
Qipengyuania pacifica,GCF_019711555.1,88R
Qipengyuania pelagi,GCF_009827295.1,88R
Qipengyuania polymorpha,GCF_019711435.1,88R
Qipengyuania profunda,GCF_033956045.1,88R
Qipengyuania profundimaris,GCF_030717945.1,88R
Qipengyuania proteolytica,GCF_019711565.1,88R
Qipengyuania psychrotolerans,GCF_019711355.1,88R
Qipengyuania qiaonensis,GCF_019711515.1,88R
Qipengyuania sediminis,GCF_004358425.1,88R
Qipengyuania seohaensis,GCF_002795865.1,88R
Qipengyuania soli,GCF_015529805.1,88R
Qipengyuania sphaerica,GCF_019711595.1,88R
Qipengyuania spongiae,GCF_026168555.1,88R
Qipengyuania thermophila,GCF_004153605.1,88R
Qipengyuania vesicularis,GCF_019711415.1,88R
Qipengyuania vulgaris,GCF_009827325.1,88R
Qipengyuania xiamenensis,GCF_019711495.1,88R
Qipengyuania xiapuensis,GCF_019711395.1,88R
Qipengyuania zhejiangensis,GCF_035607565.1,88R
Raoultibacter massiliensis,GCF_900199545.1,88R
Rhizobium etli,GCF_000092045.1,43R
Rhizobium favelukesii,GCF_000577275.2,43R
Rhizobium johnstonii,GCF_000009265.1,43R
Rhizorhabdus argentea,GCF_037861105.1,88R
Rhizorhabdus dicambivorans,GCF_002355275.1,88R
Rhizorhabdus histidinilytica,GCF_900167915.1,88R
Rhizorhabdus phycosphaerae,GCF_011044255.1,88R
Rhizorhabdus wittichii,GCF_017607425.1,88R
Rhizorhapis suberifaciens,GCF_014200045.1,88R
Rickettsia endosymbiont of Ceutorhynchus assimilis,GCF_918308855.1,43R
Rickettsiales endosymbiont of Trichoplax sp. H2,GCF_009690945.1,43R
Rohdeia mirabilis,GCF_007750655.1,88R
Roseimaritima multifibrata,GCF_007741495.1,88R
Roseimaritima sediminicola,GCF_009618275.1,88R
Roseimaritima ulvae,GCF_008065135.1,88R
Rosistilla carotiformis,GCF_007753095.1,88R
Rosistilla oblonga,GCF_007751715.1,88R
Rosistilla ulvae,GCF_007741475.1,88R
Rothia aerolata,GCF_014635585.1,43R
Rothia nasisuis,GCF_928381405.1,43R
Rubinisphaera brasiliensis,GCF_000165715.2,88R
Rubinisphaera italica,GCF_007859715.1,88R
Rubinisphaera margarita,GCF_022267515.1,88R
Rubneribacter badeniensis,GCF_002899695.1,88R
Rubripirellula amarantea,GCF_007859865.1,88R
Rubripirellula reticaptiva,GCF_007860175.1,88R
Rubripirellula tenax,GCF_007860125.1,88R
Rudaeicoccus suwonensis,GCF_007829035.1,88R
Saccharothrix australiensis,GCF_003634935.1,43R
Salininema proteolyticum,GCF_042685645.1,88R
Salsipaludibacter albus,GCF_019798055.1,88R
Saltatorellus ferox,GCF_007751475.1,88R
Schaalia georgiae,GCF_000429245.1,88R
Schaalia meyeri,GCF_016127995.1,88R
Schlesneria paludicola,GCF_000255655.1,88R
Segniliparus rotundus,GCF_000092825.1,88R
Segniliparus rugosus,GCF_000185725.2,88R
Slackia equolifaciens,GCF_003725995.1,88R
Slackia faecicanis,GCF_003725295.1,88R
Sphaerochaeta associata,GCF_022869165.1,43R
Sphingobium abikonense,GCF_001598335.1,88R
Sphingobium agri,GCF_023051225.1,88R
Sphingobium algorifonticola,GCF_004005485.1,88R
Sphingobium amiense,GCF_003967075.1,88R
Sphingobium aquiterrae,GCF_037154135.1,88R
Sphingobium aromaticiconvertens,GCF_037154075.1,88R
Sphingobium aromaticivastans,GCF_037154195.1,88R
Sphingobium arseniciresistens,GCF_029167225.1,88R
Sphingobium baderi,GCF_001046655.1,88R
Sphingobium bisphenolivorans,GCF_000412635.1,88R
Sphingobium boeckii,GCF_014199215.1,88R
Sphingobium chlorophenolicum,GCF_000722875.1,88R
Sphingobium chungbukense,GCF_001005725.1,88R
Sphingobium cloacae,GCF_002355855.1,88R
Sphingobium cupriresistens,GCF_001046645.1,88R
Sphingobium cyanobacteriorum,GCF_030580935.1,88R
Sphingobium estronivorans,GCF_008692605.1,88R
Sphingobium fluviale,GCF_004122115.1,88R
Sphingobium fontiphilum,GCF_014196635.1,88R
Sphingobium fuliginis,GCF_015074805.1,88R
Sphingobium herbicidovorans,GCF_001598535.1,88R
Sphingobium indicum,GCF_000091125.1,88R
Sphingobium jiangsuense,GCF_014196495.1,88R
Sphingobium lactosutens,GCF_000445105.1,88R
Sphingobium lignivorans,GCF_014203955.1,88R
Sphingobium limneticum,GCF_008710165.1,88R
Sphingobium mellinum,GCF_037860795.1,88R
Sphingobium naphthae,GCF_043589935.1,88R
Sphingobium nicotianae,GCF_018603885.1,88R
Sphingobium olei,GCF_042678845.1,88R
Sphingobium phenoxybenzoativorans,GCF_018286635.1,88R
Sphingobium psychrophilum,GCF_012927105.1,88R
Sphingobium quisquiliarum,GCF_000445065.1,88R
Sphingobium rhizovicinum,GCF_042647625.1,88R
Sphingobium scionense,GCF_014197035.1,88R
Sphingobium soli,GCF_020782245.1,88R
Sphingobium subterraneum,GCF_014199435.1,88R
Sphingobium sufflavum,GCF_021403115.1,88R
Sphingobium terrigena,GCF_003591655.1,88R
Sphingobium tyrosinilyticum,GCF_042654265.1,88R
Sphingobium ummariense,GCF_000447205.1,88R
Sphingobium vermicomposti,GCF_011762025.1,88R
Sphingobium wenxiniae,GCF_007830065.1,88R
Sphingobium xanthum,GCF_019737615.1,88R
Sphingobium xenophagum,GCF_002288285.1,88R
Sphingobium yanoikuyae,GCF_002504085.1,88R
Sphingomicrobium aestuariivivum,GCF_024721585.1,88R
Sphingomicrobium arenosum,GCF_026157085.1,88R
Sphingomicrobium astaxanthinifaciens,GCF_026157155.1,88R
Sphingomicrobium clamense,GCF_019264355.1,88R
Sphingomicrobium flavum,GCF_024721605.1,88R
Sphingomicrobium lutaoense,GCF_026157185.1,88R
Sphingomicrobium marinum,GCF_026157105.1,88R
Sphingomicrobium nitratireducens,GCF_026157035.1,88R
Sphingomicrobium sediminis,GCF_023805295.1,88R
Sphingomonas abaci,GCF_014199625.1,88R
Sphingomonas abietis,GCF_027625475.1,88R
Sphingomonas adhaesiva,GCF_002374855.1,88R
Sphingomonas aerolata,GCF_023935825.1,88R
Sphingomonas aerophila,GCF_014199305.1,88R
Sphingomonas agrestis,GCF_032911445.1,88R
Sphingomonas agri,GCF_038148795.1,88R
Sphingomonas alba,GCF_023516555.1,88R
Sphingomonas albertensis,GCF_044501755.1,88R
Sphingomonas aliaeris,GCF_016743815.1,88R
Sphingomonas alpina,GCF_025370095.1,88R
Sphingomonas anseongensis,GCF_023516495.1,88R
Sphingomonas antarctica,GCF_965137005.1,88R
Sphingomonas aquatica,GCF_037173185.1,88R
Sphingomonas aquatilis,GCF_036480755.1,88R
Sphingomonas aracearum,GCF_003345355.1,88R
Sphingomonas arantia,GCF_042682045.1,88R
Sphingomonas arenae,GCF_016924655.1,88R
Sphingomonas arvum,GCF_026013565.1,88R
Sphingomonas asaccharolytica,GCF_001598355.1,88R
Sphingomonas astaxanthinifaciens,GCF_000711715.1,88R
Sphingomonas aurantiaca,GCF_003050705.1,88R
Sphingomonas aurea,GCF_030678875.1,88R
Sphingomonas azotifigens,GCF_002091475.1,88R
Sphingomonas baiyangensis,GCF_005144715.1,88R
Sphingomonas beigongshangi,GCF_016820445.1,88R
Sphingomonas bisphenolicum,GCF_024349785.1,88R
Sphingomonas brevis,GCF_023516505.1,88R
Sphingomonas cannabina,GCF_021391395.1,88R
Sphingomonas carotinifaciens,GCF_047223455.1,88R
Sphingomonas caseinilyticus,GCF_023516455.1,88R
Sphingomonas cavernae,GCF_003590775.1,88R
Sphingomonas changbaiensis,GCF_000974765.1,88R
Sphingomonas changnyeongensis,GCF_009913435.1,88R
Sphingomonas chungangi,GCF_013778325.1,88R
Sphingomonas citri,GCF_019429485.1,88R
Sphingomonas citricola,GCF_019429535.1,88R
Sphingomonas colocasiae,GCF_019880585.1,88R
Sphingomonas corticis,GCF_012035195.1,88R
Sphingomonas cremea,GCF_021502585.1,88R
Sphingomonas crocodyli,GCF_004005865.1,88R
Sphingomonas crusticola,GCF_003391115.1,88R
Sphingomonas cynarae,GCF_039537815.1,88R
Sphingomonas daechungensis,GCF_039543105.1,88R
Sphingomonas deserti,GCF_003012735.1,88R
Sphingomonas desiccabilis,GCF_004135605.1,88R
Sphingomonas dokdonensis,GCF_002197685.1,88R
Sphingomonas donggukensis,GCF_023674425.1,88R
Sphingomonas echinoides,GCF_033842725.1,88R
Sphingomonas edaphi,GCF_003583725.1,88R
Sphingomonas elodea,GCF_000226955.1,88R
Sphingomonas endolithica,GCF_025231525.1,88R
Sphingomonas endophytica,GCF_039537525.1,88R
Sphingomonas faeni,GCF_003053745.1,88R
Sphingomonas fennica,GCF_003034225.1,88R
Sphingomonas flavalba,GCF_004796535.1,88R
Sphingomonas flavescens,GCF_030866745.1,88R
Sphingomonas floccifaciens,GCF_042681125.1,88R
Sphingomonas folli,GCF_019429525.1,88R
Sphingomonas formosensis,GCF_009755815.1,88R
Sphingomonas fuzhouensis,GCF_034659795.1,88R
Sphingomonas gei,GCF_004792685.1,88R
Sphingomonas gellani,GCF_900110035.1,88R
Sphingomonas gilva,GCF_003515075.1,88R
Sphingomonas ginkgonis,GCF_003970925.1,88R
Sphingomonas ginsengisoli (ex An et al. 2013),GCF_009363895.1,88R
Sphingomonas ginsenosidimutans,GCF_002374835.1,88R
Sphingomonas ginsenosidivorax,GCF_007995065.1,88R
Sphingomonas glacialis,GCF_014653575.1,88R
Sphingomonas glaciei,GCF_023380025.1,88R
Sphingomonas guangdongensis,GCF_900199185.1,88R
Sphingomonas hankookensis,GCF_022664465.1,88R
Sphingomonas hankyongi,GCF_023516575.1,88R
Sphingomonas hengshuiensis,GCF_000935025.1,88R
Sphingomonas hominis,GCF_013328205.1,88R
Sphingomonas horti,GCF_009753715.1,88R
Sphingomonas humi,GCF_039536725.1,88R
Sphingomonas hylomeconis,GCF_025370105.1,88R
Sphingomonas immobilis,GCF_030580995.1,88R
Sphingomonas insulae,GCF_010450875.1,88R
Sphingomonas japonica,GCF_011762085.1,88R
Sphingomonas jaspsi,GCF_000585415.1,88R
Sphingomonas jatrophae,GCF_900113315.1,88R
Sphingomonas jeddahensis,GCF_001981525.1,88R
Sphingomonas jejuensis,GCF_011927695.1,88R
Sphingomonas jinjuensis,GCF_014197105.1,88R
Sphingomonas kaistensis,GCF_011927725.1,88R
Sphingomonas koreensis,GCF_001922385.1,88R
Sphingomonas kyeonggiensis,GCF_014196745.1,88R
Sphingomonas kyungheensis,GCF_037120395.1,88R
Sphingomonas lacunae,GCF_012979535.1,88R
Sphingomonas lacusdianchii,GCF_022664395.1,88R
Sphingomonas laterariae,GCF_900188165.1,88R
Sphingomonas leidyi,GCF_011761945.1,88R
Sphingomonas lenta,GCF_002288825.1,88R
Sphingomonas limnosediminicola,GCF_039537965.1,88R
Sphingomonas liriopis,GCF_024211255.1,88R
Sphingomonas longa,GCF_016892685.1,88R
Sphingomonas lutea,GCF_021497585.1,88R
Sphingomonas lycopersici,GCF_026130605.1,88R
Sphingomonas mali,GCF_001598415.1,88R
Sphingomonas melonis,GCF_000379045.1,88R
Sphingomonas mesophila,GCF_003499275.1,88R
Sphingomonas mollis,GCF_016427505.1,88R
Sphingomonas molluscorum,GCF_039522995.1,88R
Sphingomonas montana,GCF_001956315.1,88R
Sphingomonas montanisoli,GCF_008274695.1,88R
Sphingomonas morindae,GCF_023822065.1,88R
Sphingomonas mucosissima,GCF_002197665.1,88R
Sphingomonas naasensis,GCF_004792695.1,88R
Sphingomonas naphthae,GCF_028607085.1,88R
Sphingomonas natans,GCF_030546695.1,88R
Sphingomonas nostoxanthinifaciens,GCF_019930585.1,88R
Sphingomonas oleivorans,GCF_003050615.1,88R
Sphingomonas oligoaromativorans,GCF_011762195.1,88R
Sphingomonas oligophenolica,GCF_039522915.1,88R
Sphingomonas oryzagri,GCF_029906645.1,88R
Sphingomonas paeninsulae,GCF_003660165.1,88R
Sphingomonas palmae,GCF_900109565.1,88R
Sphingomonas panacis,GCF_001717955.1,88R
Sphingomonas panacisoli,GCF_007859635.1,88R
Sphingomonas panaciterrae,GCF_036890205.1,88R
Sphingomonas panni,GCF_022664435.1,88R
Sphingomonas parapaucimobilis,GCF_000787715.1,88R
Sphingomonas parva,GCF_004564275.1,88R
Sphingomonas paucimobilis,GCF_016027095.1,88R
Sphingomonas phyllosphaerae,GCF_000427645.1,88R
Sphingomonas piscis,GCF_011300455.1,88R
Sphingomonas pituitosa,GCF_001598435.1,88R
Sphingomonas plantiphila,GCF_046000505.1,88R
Sphingomonas pokkalii,GCF_003096275.1,88R
Sphingomonas pollutisoli,GCF_029167165.1,88R
Sphingomonas populi,GCF_004208535.1,88R
Sphingomonas prati,GCF_009755805.1,88R
Sphingomonas profundi,GCF_009739515.1,88R
Sphingomonas pruni,GCF_001598455.1,88R
Sphingomonas pseudosanguinis,GCF_017052355.1,88R
Sphingomonas psychrolutea,GCF_014636175.1,88R
Sphingomonas psychrotolerans,GCF_002796605.1,88R
Sphingomonas qilianensis,GCF_039614825.1,88R
Sphingomonas qomolangmaensis,GCF_024496245.1,88R
Sphingomonas quercus,GCF_018863195.1,88R
Sphingomonas radiodurans,GCF_020866845.1,88R
Sphingomonas rhizophila,GCF_014396585.1,88R
Sphingomonas rosea,GCF_039538065.1,88R
Sphingomonas rubra,GCF_900115745.1,88R
Sphingomonas rustica,GCF_039652585.1,88R
Sphingomonas sabuli,GCF_014352855.1,88R
Sphingomonas sanguinis,GCF_001591005.1,88R
Sphingomonas sanxanigenens,GCF_000512205.2,88R
Sphingomonas sediminicola,GCF_014489515.1,88R
Sphingomonas segetis,GCF_009720245.1,88R
Sphingomonas sinipercae,GCF_011302055.1,88R
Sphingomonas solaris,GCF_007785815.1,88R
Sphingomonas soli,GCF_001591025.1,88R
Sphingomonas spermidinifaciens,GCF_002351485.1,88R
Sphingomonas suaedae,GCF_007833215.1,88R
Sphingomonas swuensis,GCF_039538045.1,88R
Sphingomonas tabacisoli,GCF_042678385.1,88R
Sphingomonas tagetis,GCF_024211275.1,88R
Sphingomonas taxi,GCF_000764535.1,88R
Sphingomonas telluris,GCF_022568775.1,88R
Sphingomonas trueperi,GCF_011927635.1,88R
Sphingomonas turrisvirgatae,GCF_001721295.1,88R
Sphingomonas ursincola,GCF_013607875.1,88R
Sphingomonas vulcanisoli,GCF_011761305.1,88R
Sphingomonas xanthus,GCF_007998985.1,88R
Sphingomonas xinjiangensis,GCF_014199255.1,88R
Sphingomonas yabuuchiae,GCF_017052455.1,88R
Sphingomonas yantingensis,GCF_014199325.1,88R
Sphingomonas yunnanensis,GCF_019898765.1,88R
Sphingomonas zeae,GCF_014197135.1,88R
Sphingopyxis alaskensis,GCF_000013985.1,88R
Sphingopyxis bauzanensis,GCF_002205675.1,88R
Sphingopyxis chilensis,GCF_035930445.1,88R
Sphingopyxis flava,GCF_900168005.1,88R
Sphingopyxis fribergensis,GCF_000803645.1,88R
Sphingopyxis granuli,GCF_001559015.1,88R
Sphingopyxis indica,GCF_032879645.1,88R
Sphingopyxis italica,GCF_011926545.1,88R
Sphingopyxis jiangsuensis,GCF_016734905.1,88R
Sphingopyxis kveilinensis,GCF_036687315.1,88R
Sphingopyxis lindanitolerans,GCF_002993885.1,88R
Sphingopyxis macrogoltabida,GCF_001314325.1,88R
Sphingopyxis microcysteis,GCF_012274265.1,88R
Sphingopyxis panaciterrae,GCF_011762125.1,88R
Sphingopyxis panaciterrulae,GCF_014199295.1,88R
Sphingopyxis soli,GCF_039523375.1,88R
Sphingopyxis solisilvae,GCF_015475875.1,88R
Sphingopyxis terrae,GCF_002374275.1,88R
Sphingopyxis witflariensis,GCF_002205635.1,88R
Sphingopyxis yananensis,GCF_020687785.1,88R
Sphingorhabdus arenilitoris,GCF_042651485.1,88R
Sphingorhabdus buctiana,GCF_042680825.1,88R
Sphingorhabdus contaminans,GCF_007280415.1,88R
Sphingorhabdus lacus,GCF_009768975.1,88R
Sphingorhabdus lutea,GCF_001889025.1,88R
Sphingorhabdus profundilacus,GCF_009769755.1,88R
Sphingorhabdus pulchriflava,GCF_003367235.1,88R
Sphingorhabdus rigui,GCF_014196595.1,88R
Sphingorhabdus soli,GCF_007995095.1,88R
Sphingorhabdus wooponensis,GCF_003933235.1,88R
Sphingosinicella flava,GCF_016025255.1,88R
Sphingosinicella ginsenosidimutans,GCF_007995055.1,88R
Sphingosinicella humi,GCF_003129465.1,88R
Sphingosinicella rhizophila,GCF_032378825.1,88R
Sphingosinicella terrae,GCF_003347635.1,88R
Sphingosinithalassobacter portus,GCF_003171655.1,88R
Sphingosinithalassobacter tenebrarum,GCF_011057975.1,88R
Stakelama flava,GCF_019351405.1,88R
Stakelama marina,GCF_018122655.1,88R
Stakelama pacifica,GCF_004361835.1,88R
Stakelama saccharophila,GCF_032229225.1,88R
Stakelama sediminis,GCF_014199335.1,88R
Stappia indica,GCF_009789575.1,43R
Stappia stellulata,GCF_000423705.1,43R
Stappia taiwanensis,GCF_014635285.1,43R
Stomatohabitans albus,GCF_036336025.1,88R
Stratiformator vulcanicus,GCF_007744515.1,88R
Streptomyces aidingensis,GCF_900112355.1,88R
Streptomyces bohaiensis,GCF_012033785.1,88R
Streptomyces chisholmiae,GCF_031845445.1,88R
Streptomyces cyaneus,GCF_004028635.1,43R
Streptomyces lonarensis,GCF_012033735.1,88R
Streptomyces mimosae,GCF_006334995.2,88R
Streptomyces otsuchiensis,GCF_004305975.1,88R
Streptomyces profundus,GCF_020740535.1,88R
Streptomyces sedi,GCF_006335015.1,88R
Streptomyces spiramenti,GCF_012034385.1,88R
Streptomyces triticirhizae,GCF_003696235.1,88R
Streptomyces zhaozhouensis,GCF_900230195.1,88R
Sutterella wadsworthensis,GCF_016724805.1,43R
Symmachiella dynata,GCF_007747995.1,88R
Symmachiella macrocystis,GCF_007860075.1,88R
Tardibacter chloracetimidivorans,GCF_001890385.1,88R
Taylorella asinigenitalis,GCF_000226625.1,43R
Taylorella equigenitalis,GCF_028868935.1,43R
Telmatocola sphagniphila,GCF_018398935.1,88R
Tenggerimyces flavus,GCF_016907715.1,43R
Tessaracoccus defluvii,GCF_039537945.1,88R
Tessaracoccus massiliensis,GCF_000826065.2,88R
Tessaracoccus timonensis,GCF_900343145.1,88R
Thalassoglobus neptunius,GCF_007859735.1,88R
Thalassoglobus polymorphus,GCF_007744255.1,88R
Thalassoroseus pseudoceratinae,GCF_011634775.1,88R
Thermasporomyces composti,GCF_003386795.1,43R
Thermodesulfobacterium commune,GCF_000734015.1,88R
Thermodesulfobacterium geofontis,GCF_000215975.1,88R
Thermodesulfobacterium hveragerdense,GCF_000423845.1,88R
Thermodesulfobacterium hydrogeniphilum,GCF_000746255.1,88R
Thermodesulfobacterium thermophilum,GCF_000421605.1,88R
Thermogemmata fonticola,GCF_013694095.1,88R
Thermophilibacter gallinarum,GCF_014982725.1,88R
Thermophilibacter immobilis,GCF_015277515.1,88R
Thermophilibacter mediterraneus,GCF_900119385.1,88R
Thermophilibacter provencensis,GCF_900128445.1,88R
Tractidigestivibacter montrealensis,GCF_024741235.1,88R
Tractidigestivibacter scatoligenes,GCF_001494635.1,88R
Trebonia kvetii,GCF_007827045.1,88R
Tsuneonella aeria,GCF_009827495.1,88R
Tsuneonella amylolytica,GCF_003626915.1,88R
Tsuneonella deserti,GCF_014644315.1,88R
Tsuneonella dongtanensis,GCF_001698205.1,88R
Tsuneonella flava,GCF_002870965.1,88R
Tsuneonella litorea,GCF_025154015.1,88R
Tsuneonella mangrovi,GCF_002269345.1,88R
Tsuneonella rigui,GCF_003958625.1,88R
Tsuneonella suprasediminis,GCF_003605755.1,88R
Tsuneonella troitsensis,GCF_001441535.1,88R
Tuwongella immobilis,GCF_901538355.1,88R
Urbifossiella limnaea,GCF_007747215.1,88R
Wolbachia endosymbiont (group A) of Acrocera orbiculus,GCF_947250015.1,43R
Wolbachia endosymbiont (group A) of Agelastica alni,GCF_964026805.1,43R
Wolbachia endosymbiont (group A) of Aleiodes leptofemur,GCF_964028465.1,43R
Wolbachia endosymbiont (group A) of Alloplasta piceator,GCF_964028505.1,43R
Wolbachia endosymbiont (group A) of Ancistrocerus nigricornis,GCF_947250785.1,43R
Wolbachia endosymbiont (group A) of Andrena bucephala,GCF_964026715.1,43R
Wolbachia endosymbiont (group A) of Andrena carantonica,GCF_964027085.1,43R
Wolbachia endosymbiont (group A) of Andrena dorsata,GCF_947251765.1,43R
Wolbachia endosymbiont (group A) of Andrena fulva,GCF_964026815.1,43R
Wolbachia endosymbiont (group A) of Andrena haemorrhoa,GCF_947250565.1,43R
Wolbachia endosymbiont (group A) of Andrena hattorfiana,GCF_947179565.1,43R
Wolbachia endosymbiont (group A) of Andrena helvola,GCF_964028415.1,43R
Wolbachia endosymbiont (group A) of Andrena trimmerana,GCF_964028445.1,43R
Wolbachia endosymbiont (group A) of Anomoia purmunda,GCF_947251545.1,43R
Wolbachia endosymbiont (group A) of Anoplius nigerrimus,GCF_947251795.1,43R
Wolbachia endosymbiont (group A) of Anthophora plumipes,GCF_964028115.1,43R
Wolbachia endosymbiont (group A) of Apoderus coryli,GCF_947251615.1,43R
Wolbachia endosymbiont (group A) of Aporus unicolor,GCF_964277365.1,43R
Wolbachia endosymbiont (group A) of Apotomis capreana,GCF_964027025.1,43R
Wolbachia endosymbiont (group A) of Beris morrisii,GCF_964028185.1,43R
Wolbachia endosymbiont (group A) of Bibio marci,GCF_947251645.1,43R
Wolbachia endosymbiont (group A) of Bombylius major,GCF_947251895.1,43R
Wolbachia endosymbiont (group A) of Brachyopa scutellaris,GCF_964026995.1,43R
Wolbachia endosymbiont (group A) of Calamotropha paludella,GCF_947251935.1,43R
Wolbachia endosymbiont (group A) of Campoletis raptor,GCF_964026755.1,43R
Wolbachia endosymbiont (group A) of Cephus spinipes,GCF_964026895.1,43R
Wolbachia endosymbiont (group A) of Chalcis sispes,GCF_964026765.1,43R
Wolbachia endosymbiont (group A) of Cheilosia soror,GCF_947250625.1,43R
Wolbachia endosymbiont (group A) of Clivina fossor,GCF_964026865.1,43R
Wolbachia endosymbiont (group A) of Colletes cunicularius,GCF_964264715.1,43R
Wolbachia endosymbiont (group A) of Conops quadrifasciatus,GCF_964027015.1,43R
Wolbachia endosymbiont (group A) of Coremacera marginata,GCF_947251955.1,43R
Wolbachia endosymbiont (group A) of Crataerina pallida,GCF_964028475.1,43R
Wolbachia endosymbiont (group A) of Cydia amplana,GCF_964028495.1,43R
Wolbachia endosymbiont (group A) of Cydia splendana,GCF_947179475.1,43R
Wolbachia endosymbiont (group A) of Cydia strobilella,GCF_964026745.1,43R
Wolbachia endosymbiont (group A) of Dendrolimus pini,GCF_964026835.1,43R
Wolbachia endosymbiont (group A) of Ectemnius continuus,GCF_947251695.1,43R
Wolbachia endosymbiont (group A) of Endotricha flammealis,GCF_947250805.1,43R
Wolbachia endosymbiont (group A) of Ennomos erosarius,GCF_964028535.1,43R
Wolbachia endosymbiont (group A) of Epagoge grotiana,GCF_947251775.1,43R
Wolbachia endosymbiont (group A) of Epirrhoe alternata,GCF_947251475.1,43R
Wolbachia endosymbiont (group A) of Epistrophe grossularia,GCF_947251435.1,43R
Wolbachia endosymbiont (group A) of Eristalinus aeneus,GCF_964026915.1,43R
Wolbachia endosymbiont (group A) of Eupithecia tripunctaria,GCF_947251595.1,43R
Wolbachia endosymbiont (group A) of Gastracanthus pulcherrimus,GCF_964028265.1,43R
Wolbachia endosymbiont (group A) of Gymnosoma rotundatum,GCF_947250765.1,43R
Wolbachia endosymbiont (group A) of Hedychridium roseum,GCF_964028325.1,43R
Wolbachia endosymbiont (group A) of Hylaeus communis,GCF_947251915.1,43R
Wolbachia endosymbiont (group A) of Icerya purchasi,GCF_947251635.1,43R
Wolbachia endosymbiont (group A) of Ischnus inquisitorius,GCF_964026985.1,43R
Wolbachia endosymbiont (group A) of Lasioglossum fulvicorne,GCF_964028605.1,43R
Wolbachia endosymbiont (group A) of Lasioglossum lativentre,GCF_947251945.1,43R
Wolbachia endosymbiont (group A) of Lasioglossum malachurum,GCF_947179405.1,43R
Wolbachia endosymbiont (group A) of Lasioglossum morio,GCF_947250585.1,43R
Wolbachia endosymbiont (group A) of Lasioglossum villosulum,GCF_964026955.1,43R
Wolbachia endosymbiont (group A) of Limnophora tigrina,GCF_964263225.1,43R
Wolbachia endosymbiont (group A) of Longitarsus flavicornis,GCF_963931955.1,43R
Wolbachia endosymbiont (group A) of Lypha dubia,GCF_964028575.1,43R
Wolbachia endosymbiont (group A) of Machimus atricapillus,GCF_964027095.1,43R
Wolbachia endosymbiont (group A) of Macropis europaea,GCF_947251555.1,43R
Wolbachia endosymbiont (group A) of Melitta haemorrhoidalis,GCF_964273365.1,43R
Wolbachia endosymbiont (group A) of Merzomyia westermanni,GCF_947251675.1,43R
Wolbachia endosymbiont (group A) of Myopa testacea,GCF_964027115.1,43R
Wolbachia endosymbiont (group A) of Nomada fabriciana,GCF_947250795.1,43R
Wolbachia endosymbiont (group A) of Nomada ferruginata,GCF_964027105.1,43R
Wolbachia endosymbiont (group A) of Nomada flava,GCF_964027055.1,43R
Wolbachia endosymbiont (group A) of Nomada fucata,GCF_964028175.1,43R
Wolbachia endosymbiont (group A) of Nomada goodeniana,GCF_964026705.1,43R
Wolbachia endosymbiont (group A) of Nomada hirtipes,GCF_963966195.1,43R
Wolbachia endosymbiont (group A) of Nomada rufipes,GCF_964277465.1,43R
Wolbachia endosymbiont (group A) of Norellia spinipes,GCF_964273535.1,43R
Wolbachia endosymbiont (group A) of Ophion costatus,GCF_963969245.1,43R
Wolbachia endosymbiont (group A) of Ophion ellenae,GCF_964019365.1,43R
Wolbachia endosymbiont (group A) of Opomyza germinationis,GCF_964264765.1,43R
Wolbachia endosymbiont (group A) of Oxytorus armatus,GCF_964027005.1,43R
Wolbachia endosymbiont (group A) of Paraperithous gnathaulax,GCF_964028485.1,43R
Wolbachia endosymbiont (group A) of Phalera bucephala,GCF_947250505.1,43R
Wolbachia endosymbiont (group A) of Phasia obesa,GCF_964028125.1,43R
Wolbachia endosymbiont (group A) of Pheosia gnoma,GCF_947251565.1,43R
Wolbachia endosymbiont (group A) of Pherbina coryleti,GCF_964026875.1,43R
Wolbachia endosymbiont (group A) of Philanthus triangulum,GCF_964028305.1,43R
Wolbachia endosymbiont (group A) of Philonthus cognatus,GCF_947251755.1,43R
Wolbachia endosymbiont (group A) of Pipizella viduata,GCF_964028555.1,43R
Wolbachia endosymbiont (group A) of Platycheirus albimanus,GCF_947179415.1,43R
Wolbachia endosymbiont (group A) of Pogonocherus hispidulus,GCF_964028245.1,43R
Wolbachia endosymbiont (group A) of Portevinia maculata,GCF_964028525.1,43R
Wolbachia endosymbiont (group A) of Protocalliphora azurea,GCF_947251425.1,43R
Wolbachia endosymbiont (group A) of Rhinocyllus conicus,GCF_947250775.1,43R
Wolbachia endosymbiont (group A) of Rhorus exstirpatorius,GCF_964028425.1,43R
Wolbachia endosymbiont (group A) of Scambus nigricans,GCF_947251485.1,43R
Wolbachia endosymbiont (group A) of Sicus ferrugineus,GCF_947251515.1,43R
Wolbachia endosymbiont (group A) of Sphaerophoria taeniata,GCF_947250735.1,43R
Wolbachia endosymbiont (group A) of Sphecodes ephippius,GCF_947179545.1,43R
Wolbachia endosymbiont (group A) of Sphecodes monilicornis,GCF_947251965.1,43R
Wolbachia endosymbiont (group A) of Sympetrum striolatum,GCF_947250715.1,43R
Wolbachia endosymbiont (group A) of Therophilus tumidulus,GCF_964277345.1,43R
Wolbachia endosymbiont (group A) of Tiphia femorata,GCF_947251725.1,43R
Wolbachia endosymbiont (group A) of Tromatobia lineatoria,GCF_964028565.1,43R
Wolbachia endosymbiont (group A) of Trypoxylon clavicerum,GCF_947251665.1,43R
Wolbachia endosymbiont (group A) of Udea olivalis,GCF_964028365.1,43R
Wolbachia endosymbiont (group A) of Urophora cardui,GCF_964028435.1,43R
Wolbachia endosymbiont (group A) of Volucella bombylans,GCF_964026965.1,43R
Wolbachia endosymbiont (group A) of Volucella inflata,GCF_947179175.1,43R
Wolbachia endosymbiont (group A) of Yponomeuta plumbellus,GCF_947251575.1,43R
Wolbachia endosymbiont (group B) of Ablattaria laevigata,GCF_964277395.1,43R
Wolbachia endosymbiont (group B) of Agriphila inquinatella,GCF_964028545.1,43R
Wolbachia endosymbiont (group B) of Agriphila straminella,GCF_947250755.1,43R
Wolbachia endosymbiont (group B) of Agriphila tristella,GCF_947179465.1,43R
Wolbachia endosymbiont (group B) of Agrotis exclamationis,GCF_964026845.1,43R
Wolbachia endosymbiont (group B) of Agrotis puta,GCF_964028455.1,43R
Wolbachia endosymbiont (group B) of Alcis repandata,GCF_964028275.1,43R
Wolbachia endosymbiont (group B) of Apomyelois bistriatella,GCF_964028375.1,43R
Wolbachia endosymbiont (group B) of Aporia crataegi,GCF_947250485.1,43R
Wolbachia endosymbiont (group B) of Apotomis betuletana,GCF_947250475.1,43R
Wolbachia endosymbiont (group B) of Apotomis turbidana,GCF_947251835.1,43R
Wolbachia endosymbiont (group B) of Archips podanus,GCF_947250705.1,43R
Wolbachia endosymbiont (group B) of Aricia agestis,GCF_947179385.1,43R
Wolbachia endosymbiont (group B) of Aricia artaxerxes,GCF_964026975.1,43R
Wolbachia endosymbiont (group B) of Athalia cordata,GCF_947251845.1,43R
Wolbachia endosymbiont (group B) of Campaea margaritaria,GCF_947250595.1,43R
Wolbachia endosymbiont (group B) of Camptogramma bilineatum,GCF_947251825.1,43R
Wolbachia endosymbiont (group B) of Carcina quercana,GCF_947179375.1,43R
Wolbachia endosymbiont (group B) of Catoptria pinella,GCF_947250515.1,43R
Wolbachia endosymbiont (group B) of Celastrina argiolus,GCF_947251805.1,43R
Wolbachia endosymbiont (group B) of Chesias legatella,GCF_964026945.1,43R
Wolbachia endosymbiont (group B) of Chorthippus brunneus,GCF_947179555.1,43R
Wolbachia endosymbiont (group B) of Chorthippus parallelus,GCF_947251815.1,43R
Wolbachia endosymbiont (group B) of Colias croceus,GCF_947250525.1,43R
Wolbachia endosymbiont (group B) of Cyclophora punctaria,GCF_964028235.1,43R
Wolbachia endosymbiont (group B) of Dendrolimus pini,GCF_964026695.1,43R
Wolbachia endosymbiont (group B) of Dolichovespula media,GCF_947179505.1,43R
Wolbachia endosymbiont (group B) of Elophila nymphaeata,GCF_964026825.1,43R
Wolbachia endosymbiont (group B) of Emmelina monodactyla,GCF_947251605.1,43R
Wolbachia endosymbiont (group B) of Endotricha flammealis,GCF_947251735.1,43R
Wolbachia endosymbiont (group B) of Ennomos erosarius,GCF_964026905.1,43R
Wolbachia endosymbiont (group B) of Episyrphus balteatus,GCF_947250575.1,43R
Wolbachia endosymbiont (group B) of Erebia ligea,GCF_947179575.1,43R
Wolbachia endosymbiont (group B) of Erynnis tages,GCF_947250545.1,43R
Wolbachia endosymbiont (group B) of Eucosma cana,GCF_947250645.1,43R
Wolbachia endosymbiont (group B) of Eupeodes latifasciatus,GCF_947250695.1,43R
Wolbachia endosymbiont (group B) of Euphydryas aurinia,GCF_947250535.1,43R
Wolbachia endosymbiont (group B) of Falcaria lacertinaria,GCF_964028595.1,43R
Wolbachia endosymbiont (group B) of Germaria angustata,GCF_964026725.1,43R
Wolbachia endosymbiont (group B) of Gerris lacustris,GCF_964028355.1,43R
Wolbachia endosymbiont (group B) of Hofmannophila pseudospretella,GCF_964028515.1,43R
Wolbachia endosymbiont (group B) of Horisme vitalbata,GCF_964028625.1,43R
Wolbachia endosymbiont (group B) of Hylaea fasciaria,GCF_947251975.1,43R
Wolbachia endosymbiont (group B) of Idaea aversata,GCF_947179535.1,43R
Wolbachia endosymbiont (group B) of Idaea biselata,GCF_964026785.1,43R
Wolbachia endosymbiont (group B) of Ischnura elegans,GCF_947251585.1,43R
Wolbachia endosymbiont (group B) of Leptidea sinapis,GCF_947179455.1,43R
Wolbachia endosymbiont (group B) of Limnophora tigrina,GCF_964263235.1,43R
Wolbachia endosymbiont (group B) of Longitarsus flavicornis,GCF_964028135.1,43R
Wolbachia endosymbiont (group B) of Lycaena phlaeas,GCF_947251875.1,43R
Wolbachia endosymbiont (group B) of Melanargia galathea,GCF_964030625.1,43R
Wolbachia endosymbiont (group B) of Melanostoma mellinum,GCF_947251465.1,43R
Wolbachia endosymbiont (group B) of Myelois circumvoluta,GCF_964277435.1,43R
Wolbachia endosymbiont (group B) of Nymphalis c-album,GCF_947250465.1,43R
Wolbachia endosymbiont (group B) of Ochlodes sylvanus,GCF_947179425.1,43R
Wolbachia endosymbiont (group B) of Orgyia antiqua,GCF_965178645.1,43R
Wolbachia endosymbiont (group B) of Pammene fasciana,GCF_947251495.1,43R
Wolbachia endosymbiont (group B) of Pandemis cinnamomeana,GCF_947179145.1,43R
Wolbachia endosymbiont (group B) of Pandemis corylana,GCF_947250555.1,43R
Wolbachia endosymbiont (group B) of Parapoynx stratiotata,GCF_947250635.1,43R
Wolbachia endosymbiont (group B) of Pararge aegeria,GCF_947250725.1,43R
Wolbachia endosymbiont (group B) of Phalera bucephala,GCF_947251625.1,43R
Wolbachia endosymbiont (group B) of Phasia obesa,GCF_964027035.1,43R
Wolbachia endosymbiont (group B) of Pheosia tremula,GCF_947251655.1,43R
Wolbachia endosymbiont (group B) of Philonthus cognatus,GCF_947179345.1,43R
Wolbachia endosymbiont (group B) of Pilophorus perplexus,GCF_964028155.1,43R
Wolbachia endosymbiont (group B) of Polyommatus icarus,GCF_947250745.1,43R
Wolbachia endosymbiont (group B) of Protocalliphora azurea,GCF_947251865.1,43R
Wolbachia endosymbiont (group B) of Pyrgus malvae,GCF_947250605.1,43R
Wolbachia endosymbiont (group B) of Rhopobota naevana,GCF_947250615.1,43R
Wolbachia endosymbiont (group B) of Scrobipalpa ocellatella,GCF_964188425.1,43R
Wolbachia endosymbiont (group B) of Silvanus unidentatus,GCF_964028615.1,43R
Wolbachia endosymbiont (group B) of Sphaerophoria taeniata,GCF_947179355.1,43R
Wolbachia endosymbiont (group B) of Tholera decimalis,GCF_964028405.1,43R
Wolbachia endosymbiont (group B) of Thymelicus sylvestris,GCF_947251505.1,43R
Wolbachia endosymbiont (group B) of Udea ferrugalis,GCF_964028225.1,43R
Wolbachia endosymbiont (group B) of Villa cingulata,GCF_964028285.1,43R
Wolbachia endosymbiont (group B) of Watsonalla binaria,GCF_947250655.1,43R
Wolbachia endosymbiont (group B) of Xanthorhoe designata,GCF_964028585.1,43R
Wolbachia endosymbiont (group B) of Xestia c-nigrum,GCF_947250675.1,43R
Wolbachia endosymbiont (group B) of Xylocampa areola,GCF_964028205.1,43R
Wolbachia endosymbiont (group B) of Yponomeuta malinellus,GCF_964026795.1,43R
Wolbachia endosymbiont of Aedes aegypti,GCF_017896245.1,43R
Wolbachia endosymbiont of Aedes albopictus,GCF_024804185.1,43R
Wolbachia endosymbiont of Anopheles demeilloni,GCF_018491735.2,43R
Wolbachia endosymbiont of Armadillidium arcangelii,GCF_040207875.1,43R
Wolbachia endosymbiont of Armadillidium vulgare,GCF_001027565.1,43R
Wolbachia endosymbiont of Atemnus politus,GCF_013309895.1,43R
Wolbachia endosymbiont of Bemisia tabaci,GCF_003999585.1,43R
Wolbachia endosymbiont of Brugia malayi,GCF_000008385.1,43R
Wolbachia endosymbiont of Brugia pahangi,GCF_012030695.1,43R
Wolbachia endosymbiont of Cantharis cryptica,GCF_964277405.1,43R
Wolbachia endosymbiont of Cardiocondyla obscurior,GCF_902713635.1,43R
Wolbachia endosymbiont of Carposina sasakii,GCF_006542295.1,43R
Wolbachia endosymbiont of Ceratitis capitata,GCF_018454455.1,43R
Wolbachia endosymbiont of Ceratosolen solmsi,GCF_017869155.1,43R
Wolbachia endosymbiont of Chrysomya megacephala,GCF_008245065.1,43R
Wolbachia endosymbiont of Cimex lectularius,GCF_000829315.1,43R
Wolbachia endosymbiont of Corcyra cephalonica,GCF_020995475.1,43R
Wolbachia endosymbiont of Cruorifilaria tuberocauda,GCF_013365475.1,43R
Wolbachia endosymbiont of Ctenocephalides felis wCfeJ,GCF_012277315.1,43R
Wolbachia endosymbiont of Culex molestus,GCF_000723225.2,43R
Wolbachia endosymbiont of Culex quinquefasciatus,GCF_000073005.1,43R
Wolbachia endosymbiont of Cylisticus convexus,GCF_003344345.1,43R
Wolbachia endosymbiont of Delia radicum,GCF_021609905.1,43R
Wolbachia endosymbiont of Diaphorina citri,GCF_013458815.1,43R
Wolbachia endosymbiont of Dipetalonema caudispina,GCF_013365495.1,43R
Wolbachia endosymbiont of Dirofilaria (Dirofilaria) immitis,GCF_013365455.1,43R
Wolbachia endosymbiont of Drosophila aff. chauvacae BK-2020,GCF_032848195.1,43R
Wolbachia endosymbiont of Drosophila ananassae,GCF_008033215.1,43R
Wolbachia endosymbiont of Drosophila auraria,GCF_017916175.1,43R
Wolbachia endosymbiont of Drosophila baimaii,GCF_028982185.1,43R
Wolbachia endosymbiont of Drosophila barbarae,GCF_044752445.1,43R
Wolbachia endosymbiont of Drosophila bicornuta,GCF_028982105.1,43R
Wolbachia endosymbiont of Drosophila bocki,GCF_028982005.1,43R
Wolbachia endosymbiont of Drosophila bocqueti,GCF_032584155.1,43R
Wolbachia endosymbiont of Drosophila burlai,GCF_028981925.1,43R
Wolbachia endosymbiont of Drosophila incompta,GCF_001758565.1,43R
Wolbachia endosymbiont of Drosophila innubila,GCF_021378375.1,43R
Wolbachia endosymbiont of Drosophila leontia,GCF_028981785.1,43R
Wolbachia endosymbiont of Drosophila mauritiana,GCF_004795975.1,43R
Wolbachia endosymbiont of Drosophila melanogaster,GCF_016584425.1,43R
Wolbachia endosymbiont of Drosophila nikananu,GCF_028981865.1,43R
Wolbachia endosymbiont of Drosophila pseudotakahashii,GCF_026015925.1,43R
Wolbachia endosymbiont of Drosophila santomea,GCF_018467135.1,43R
Wolbachia endosymbiont of Drosophila sechellia,GCF_014354315.1,43R
Wolbachia endosymbiont of Drosophila seguyi,GCF_028981765.1,43R
Wolbachia endosymbiont of Drosophila simulans,GCF_000376605.1,43R
Wolbachia endosymbiont of Drosophila subpulchrella,GCF_002300525.1,43R
Wolbachia endosymbiont of Drosophila suzukii,GCF_000333795.1,43R
Wolbachia endosymbiont of Drosophila teissieri,GCF_005862135.1,43R
Wolbachia endosymbiont of Drosophila tristis,GCF_028981745.1,43R
Wolbachia endosymbiont of Drosophila tsacasi,GCF_028982115.1,43R
Wolbachia endosymbiont of Drosophila willistoni,GCF_040084705.1,43R
Wolbachia endosymbiont of Drosophila yakuba,GCF_018467115.1,43R
Wolbachia endosymbiont of Erebia cassioides,GCF_018555315.1,43R
Wolbachia endosymbiont of Frankliniella intonsa,GCF_029856955.1,43R
Wolbachia endosymbiont of Glossina morsitans morsitans,GCF_000689175.1,43R
Wolbachia endosymbiont of Howardula sp.,GCF_025021925.1,43R
Wolbachia endosymbiont of Kradibia gibbosae,GCF_016031645.1,43R
Wolbachia endosymbiont of Laodelphax striatellus,GCF_007115015.1,43R
Wolbachia endosymbiont of Leptopilina clavipes,GCF_006334525.1,43R
Wolbachia endosymbiont of Liriomyza huidobrensis,GCF_042928915.1,43R
Wolbachia endosymbiont of Listronotus oregonensis,GCF_031205055.1,43R
Wolbachia endosymbiont of Litomosoides brasiliensis,GCF_013366805.1,43R
Wolbachia endosymbiont of Litomosoides sigmodontis,GCF_013365435.1,43R
Wolbachia endosymbiont of Mansonella ozzardi,GCF_020278625.1,43R
Wolbachia endosymbiont of Mansonella perstans,GCF_020278605.1,43R
Wolbachia endosymbiont of Muscidifurax uniraptor,GCF_000174095.1,43R
Wolbachia endosymbiont of Nasonia giraulti,GCF_048054155.1,43R
Wolbachia endosymbiont of Nasonia oneida,GCF_009012935.1,43R
Wolbachia endosymbiont of Nasonia vitripennis,GCF_048054115.1,43R
Wolbachia endosymbiont of Nilaparvata lugens,GCF_007115045.1,43R
Wolbachia endosymbiont of Nomada ferruginata,GCF_001675785.1,43R
Wolbachia endosymbiont of Nomada flava,GCF_001675695.1,43R
Wolbachia endosymbiont of Nomada leucophthalma,GCF_001675715.1,43R
Wolbachia endosymbiont of Nomada panzeri,GCF_001675775.1,43R
Wolbachia endosymbiont of Oedothorax gibbosus,GCF_936270145.1,43R
Wolbachia endosymbiont of Onchocerca gibsoni,GCF_029169405.1,43R
Wolbachia endosymbiont of Onchocerca ochengi,GCF_000306885.1,43R
Wolbachia endosymbiont of Onchocerca volvulus,GCF_000530755.1,43R
Wolbachia endosymbiont of Operophtera brumata,GCF_001266585.1,43R
Wolbachia endosymbiont of Oryzaephilus surinamensis,GCF_025617515.1,43R
Wolbachia endosymbiont of Ostrinia furnacalis,GCF_023559125.1,43R
Wolbachia endosymbiont of Ostrinia scapulalis,GCF_023559145.1,43R
Wolbachia endosymbiont of Pentalonia nigronervosa,GCF_014534705.1,43R
Wolbachia endosymbiont of Pentidionis agamae,GCF_036711655.1,43R
Wolbachia endosymbiont of Phyllotreta cruciferae,GCF_918697765.1,43R
Wolbachia endosymbiont of Psylliodes chrysocephala,GCF_918342435.1,43R
Wolbachia endosymbiont of Rhagoletis cerasi,GCF_018454475.1,43R
Wolbachia endosymbiont of Rhagoletis cingulata,GCF_048537655.1,43R
Wolbachia endosymbiont of Rhagoletis indifferens,GCF_048537595.1,43R
Wolbachia endosymbiont of Scaptomyza pallida,GCF_032584115.1,43R
Wolbachia endosymbiont of Spodoptera picta,GCF_018141665.1,43R
Wolbachia endosymbiont of Tetranychus urticae,GCF_046529255.1,43R
Wolbachia endosymbiont of Tettigetta isshikii,GCF_041154185.1,43R
Wolbachia endosymbiont of Tribolium confusum,GCF_020405475.1,43R
Wolbachia endosymbiont of Trichogramma kaykai,GCF_045765165.1,43R
Wolbachia endosymbiont of Trichogramma pretiosum,GCF_001439985.1,43R
Wolbachia endosymbiont of Wiebesia pumilae,GCF_017869285.1,43R
Wolbachia endosymbiont of Wuchereria bancrofti,GCF_002204235.2,43R
Wolbachia endosymbiont of Zaprionus taronus,GCF_033042245.1,43R
Wolbachia endosymbiont of Zaprionus tsacasi,GCF_032849005.1,43R
Wolbachia pipientis,GCF_007971685.1,43R
Xanthomonas phaseoli,GCF_008639345.1,88R
Xylanivirga thermophila,GCF_004138105.1,88R
Zavarzinella formosa,GCF_000255705.1,88R
Zymomonas mobilis,GCF_000498655.1,88R
